id,pilot,stewardess
0,"{"Id":-2147482647,"FirstName":"Kody","LastName":"Oberbrunner","Experience":0}","[{"Id":-2147482647,"FirstName":"Alyson","LastName":"Koelpin","DateOfBirth":"0001-01-01T00:00:00"},{"Id":-2147482646,"FirstName":"Sheila","LastName":"Jacobs","DateOfBirth":"0001-01-01T00:00:00"}]"
0,"{"Id":-2147482646,"FirstName":"Carol","LastName":"Howe","Experience":0}","[{"Id":-2147482645,"FirstName":"Bo","LastName":"Kuhic","DateOfBirth":"0001-01-01T00:00:00"},{"Id":-2147482644,"FirstName":"Ari","LastName":"Adams","DateOfBirth":"0001-01-01T00:00:00"}]"
0,"{"Id":-2147482645,"FirstName":"Alena","LastName":"Thompson","Experience":0}","[{"Id":-2147482643,"FirstName":"Stefan","LastName":"Goyette","DateOfBirth":"0001-01-01T00:00:00"},{"Id":-2147482642,"FirstName":"Dejah","LastName":"Homenick","DateOfBirth":"0001-01-01T00:00:00"}]"
0,"{"Id":-2147482644,"FirstName":"Fritz","LastName":"Kling","Experience":0}","[{"Id":-2147482641,"FirstName":"Una","LastName":"Cole","DateOfBirth":"0001-01-01T00:00:00"},{"Id":-2147482640,"FirstName":"Donnie","LastName":"Sanford","DateOfBirth":"0001-01-01T00:00:00"}]"
0,"{"Id":-2147482643,"FirstName":"Marshall","LastName":"Padberg","Experience":0}","[{"Id":-2147482639,"FirstName":"Lia","LastName":"Effertz","DateOfBirth":"0001-01-01T00:00:00"},{"Id":-2147482638,"FirstName":"Annie","LastName":"Howe","DateOfBirth":"0001-01-01T00:00:00"}]"
0,"{"Id":-2147482642,"FirstName":"Virgil","LastName":"Davis","Experience":0}","[{"Id":-2147482637,"FirstName":"Harmon","LastName":"Yost","DateOfBirth":"0001-01-01T00:00:00"}]"
0,"{"Id":-2147482641,"FirstName":"Bartholome","LastName":"Lockman","Experience":0}","[{"Id":-2147482636,"FirstName":"Ellis","LastName":"Adams","DateOfBirth":"0001-01-01T00:00:00"}]"
0,"{"Id":-2147482640,"FirstName":"Rodrigo","LastName":"Flatley","Experience":0}","[{"Id":-2147482635,"FirstName":"Lia","LastName":"Monahan","DateOfBirth":"0001-01-01T00:00:00"}]"
0,"{"Id":-2147482639,"FirstName":"Pearl","LastName":"Rippin","Experience":0}","[{"Id":-2147482634,"FirstName":"Hans","LastName":"Sipes","DateOfBirth":"0001-01-01T00:00:00"}]"
0,"{"Id":-2147482638,"FirstName":"Derek","LastName":"Emmerich","Experience":0}","[{"Id":-2147482633,"FirstName":"Maudie","LastName":"Hilll","DateOfBirth":"0001-01-01T00:00:00"}]"
